Pre-miRNA Name,Pre-miRNA Sequence
fhe-bantam-3p,CUCugagaucgcgauuaaagcugguUCGCUGUUCG
fhe-let-7b-5p,UUGggagguaguucguugugugguUUGCCUUGGA
fhe-let-7c-5p,AGCgagguagugaguuguaugucugCGGAUACACA
fhe-miR-1175-3p,UGGugagauucaacuacuucagcugUCCUGCAGAU
fhe-miR-125a-5p,GUGUCCCUGAGACCCUAGAGUUUCCCAGCUUGUC
fhe-miR-125b-5p,ACACCCCUGAGACUGAUAAUUGCUCCUCUGUCAGA
fhe-miR-133-3p,CAUuuggucccuaucaaccagcuauACAAACUGGA
fhe-miR-190b-5p,UGAugauauguaugguuuucgguugUGUCUAUUGU
fhe-miR-1992-3p,GUAucagcaguugcaccauugacgCAGCUUGACC
fhe-miR-1a-3p,UAUAUGGAAUGUGGCGAAGUAUGGUCUUUCACUAC
fhe-miR-1b-3p,CUAuggaauguugugaaguauguacUGGGUAAGAA
fhe-miR-2162-3p,UUUguauuaugcaacauuucacucuACCCCGAAGA
fhe-miR-219-5p,UUCugauuguccauucgcauuucuugCCGUCCGUUU
fhe-miR-277b-3p,GUGaaaaugcaucaucuacccgagaUCUCCGUGUA
fhe-miR-281-5p,AUGAGGAGGGCAAUUUUAUGACUUUCACGGUCUGU
fhe-miR-307-5p,UCUCCUCAACAAGAAGGCUGUUGGAUGCCAUUCAUAA
fhe-miR-31-5p,UGUuggcaagauuauggcgaagcugaGUGUUAAUAG
fhe-miR-3479b-5p,CCAgauugcacuacucauagccuucGUUCAAGCAA
fhe-miR-6613-3p,CGUacacugagcucgaagaucgcaAAGCUUCCCG
fhe-miR-71a-5p,CUGUGAAAGACGAUGGUAGUGAGAUGCAAAACGUUU
fhe-miR-71b-5p,UCGUGAAAGACUUGAGUAGUGAGACGCAUGCCG
fhe-miR-750-3p,CACaccagaucugacucuuccagcucuUCGAACUUUG
fhe-miR-8457-5p,CGAggguggauacagucgguuaugUUGCCAAAAA
fhe-miR-96-5p,CUCcuuggcacuuuggaauugucaCAAGCUCUUU
fhe-Novel-10-3p,UAAaccggucuugagaaggguuacuCGCGAUAACC
fhe-Novel-100-5p,AAUAACACAGCGUAGUCGAAAUCGUUGGUAGGU
fhe-Novel-102-3p,GAUAAGGAUUCGGAGAUAGUUAAGUAACUGUGGU
fhe-Novel-103-5p,CUUugaccguaccacugagugacccCCAAUGAAAC
fhe-Novel-104-5p,UGGUAAUCAGUCGACUUUUCGGUCACCGAUCCUGA
fhe-Novel-11-5p,UGAaagcucguaguuggaucuggguGGCAGGAGUA
fhe-Novel-13-5p,CCAucggucaggcaguaagcugugGGAACAcgga
fhe-Novel-15-3p,CGCuuauuuugggugugauagauuCAUUCAGCCA
fhe-Novel-18-5p,GUCcgggcuggcucucaacgguuuguUGGACAUCUA
fhe-Novel-2-3p,AGGauuacaguccggacgugguuuCAGCUGCGGG
fhe-Novel-20-5p,GCAuaucuaagucggacuugguuGCCCUACGAA
fhe-Novel-21-3p,GAAcacuaccggcaccuugccugaACCGGUCCGG
fhe-Novel-25-5p,CAGuagacacuguggaacacaacuAACAGGGGUC
fhe-Novel-26-5p,CAAuuuccgguggauaauuuuccUGGCCUACCG
fhe-Novel-27-3p,aCUaacgcgaggucguuagauguUGGCAAGGCA
fhe-Novel-28-5p,CUGuuuugucaguuccaugugcuuuGUGAUACGAA
fhe-Novel-29-5p,GCAugugggaagacgauagacuacACCGAGCAGU
fhe-Novel-3-5p,UUGacuggacugacuuuuccgagauuUUCUUCAACC
fhe-Novel-30-3p,UAUuuugggacuauuuuaacaauGUGGUAUAAG
fhe-Novel-31-5p,AGUucacggaacugguaccucaauuGAGAAAUUUG
fhe-Novel-33-5p,GGCuuuaauacugaaguggagugcCGCUCGGGGC
fhe-Novel-34-5p,GGGcgcaagaacaacgaaugauuCCGUUAUAUG
fhe-Novel-35-3p,GCAagaaggacgccgcgagagagguuCUCUCAGGGC
fhe-Novel-36-5p,GAUgagguacauucgcuaacgacugaAGUACUUCag
fhe-Novel-37-3p,AGGacgccgcgagagagguacucuCAGGGCGAUG
fhe-Novel-38-3p,AUAguaagaucuacgguucugaauGAAAAUGCGC
fhe-Novel-39-5p,UCAuugucaaagacuucuggaagaACUGCCGGCA
fhe-Novel-40-3p,ACUguuauagucggauaccggauaUUAAGCACUG
fhe-Novel-42-5p,GCAcuucucucuguaguggcuccCUGUCGGGug
fhe-Novel-47-5p,CUUUCCCCGUAAUCGAACUGUUGAACCAGUUCC
fhe-Novel-48-5p,GGCGUGGCCUCGUAGCUCAGCUGGUAGAACACUCGCG
fhe-Novel-49-3p,GCGUUUGCAUAUCUAAGUCGGACAUGGUUGCCCU
fhe-Novel-50-3p,GCUUAGAGUACCUGUAGAGUUAGAACGCCAUGU
fhe-Novel-51-5p,UGCACCCUCAUUUAGAUCGAAGGUCCCCAAAGUU
fhe-Novel-52-5p,UCCGUCAGCGAAGACGUCGGGAAGUAUAUAUCG
fhe-Novel-53-3p,UGGUCCGAAAACGCGAUGGAACCAACAAAAGCCG
fhe-Novel-54-3p,CGAAUGAGACGGUGAGUGAUGAAUUAGACAUUUUG
fhe-Novel-55-5p,CAUGACCGGUGGUGGUCGAGUGGGUUAGAGCCUUUG
fhe-Novel-58-5p,CAAGAUCGGUGAUGGCCAGGUGGUUUAGGGCGUUU
fhe-novel-61-3p,UGCAAGGGGAUAAUUGUAGAGGUCCUUCACUGAG
fhe-Novel-64-5p,UUCUCCCCGAUCAAAGAUGCAAGCAUUCUGCGGG
fhe-Novel-70-5p,ACAUUACCGAUGACGCCUUUUGCUGAGUGCUAUU
fhe-Novel-72-3p,GCCaucggccuuugagacuauggggUAUGUACCCC
fhe-Novel-72-5p,UCCAAGUCUCAGGGUUUGGUUGCCGCCUAUCUC
fhe-Novel-75-3p,GGAUUCGGAGAUAGUUAAGGAACUGUGGUUGGAC
fhe-Novel-78-3p,GUAaaagugaacacugguggauguGGAAGAAACA
fhe-Novel-79-3p,AAUCAUCGUGGGAUUAGCUUAAUUCCGAUAGCC
fhe-Novel-80-5p,GUAUUCUAUAUAUCGUGGUACCGUAACAGUACC
fhe-Novel-82-3p,CGGUAAUCGGAACGUCGACGGACUACUGUCAUUU
fhe-Novel-83-3p,AAUUUAGACCUUUUUGUAGCAACUUUAGUUCUAC
fhe-Novel-85-3p,CAUauuagaacuggugggcacuuUUCGCCGAUC
fhe-Novel-89-5p,UUUAGGAUCCGGGCGAAGACAUCCACCAGGGAGG
fhe-Novel-93-5p,CCAGAUGGACAAACUAUGCAGACGAGGUUGUGGG
fhe-Novel-94-3p,UUAguuguucgacugacgaucguucAUCCCGGGUU
fhe-Novel-95-5p,AAGUUUAUGUCCAUGGUGUAGUCUGCCACACACA
fhe-Novel-96-5p,UCGAUGGCGAAUGUGAGAACCAUGCUUCGUGCAU
fhe-pUbNovel-1-5p,GGCuagucacugggcuacgaacacgCUUUGGACAA
fhe-pUbNovel-23-3p,GUCAUUUCGGCUGGUGAUGAAACAUUUGCCACCC
fhe-pUbNovel-3-5p,GUUucagcaccggccgaaacgacaCCUGUGCACU
fhe-miR-10-5p,ACGaacccuguagacccgaguuugcaUGCACUGGAU
fhe-miR-10-P3,UCACAAGCUCGGGUAUACAGGAGCAGAGCAAGGGGU
fhe-miR-11585-3p,AUGACCGGUUUCGUCGUUCAACACCGUCGUCCGUU
fhe-miR-11585-5p,UGGCGUUGCACCGUUCGGAAUUCGGGCAUUGCACAAC
fhe-miR-12-5p,AGGugaguauuucaucaaguagugaGAGCUAAUUG
fhe-miR-190a-5p,AUGagauauguuuggguuacuuggugUCGAGACACG
fhe-miR-1989-5p,CCUucagcuguguucaugucuucgaGUGAGAGCAC
fhe-miR-2335-3p,GGUgauaaugaugaauuccuaacugaauAUAUAUAUAU
fhe-miR-278-3p,CGAucggugggaguaucauucgugcGAGGCAGAGU
fhe-miR-2e-5p,UCUuaccaacuuagacugcguuauaCUGCCAUUGU
fhe-miR-493-5p,ACAauuacaugguaggcuaucaguACGUGGCUUG
fhe-miR-61-3p,GCCaugacuagaaagugcacucacuuCCAUCCCAGC
fhe-miR-61-5p,GGUugugagucucuuucuuguccaugGUACCAGUUC
fhe-miR-71c-5p,AUGugaaagacauggguaaugagguAUGCGAAUUA
fhe-miR-745a-5p,UACucaguucucauuaggcaugacaugCUGCAAUAAA
fhe-miR-7a-5p,UCGuggaagacuggugauauguuguuUCUCCGAUUA
fhe-miR-7b-5p,UCUuggaagacuugugauuaaguuguuCCUCAAAAGC
fhe-miR-8437-5p,CUCuggcgcuuaguuauaugucaucgUGGUUUGACA
fhe-miR-8457-3p,GCAucaccggguguuuuucacccucUAGGACCUGA
fhe-miR-9-5p,UUUucuuugguuaucaagcaguaugAUUGUCACAC
fhe-miR-9389-5p,CAGaggcgcuuugauuguccacacugaCGCGUGUACA
fhe-Novel-1-3p,CGGuuuucgagcgguuuccgaguggUUUAAACCGA
fhe-Novel-101-3p,CUGGUACUUACUCAUAACAUGCCUUCCAUCGAC
fhe-Novel-12-5p,AGUugguuuugcuagcugacacugAAUUAAUCAC
fhe-Novel-17-5p,UAGgcuucaucguuagccuggaaugGCUCUUGGGU
fhe-Novel-23-3p,CCUgugaggaccucggcaaucggauACUCCAUUCG
fhe-Novel-32-3p,AAGcugaaggaacuacuguuaagaUAAACUUUCA
fhe-Novel-4-5p,GAUaacauuucucaagacuggcuuuCUUUCAAAUC
fhe-Novel-43-5p,GUAguaucuauggauggaugaacacAGUUUUUCGG
fhe-Novel-46-3p,GCAuguaaaaccauggugguagauCUUAGUCUGG
fhe-novel-56-3p,UUUUGGACAGACUCGACAAUAGUGCUGUGCUAUA
fhe-Novel-59-5p,GCGCAUUCGUAGGGACUCUGUAGUUUAUUUUGAAC
fhe-Novel-60-3p,UGCAUGGGCUGAGAAAAUACGGAUUGGAGCUAAGCA
fhe-novel-62-3p,UUCCUUUCCACUGUGGGCGCAAUCAAGGUCUGU
fhe-Novel-63-3p,UAGUUUAUCUCGUCCAGGUAGACCUUGGGUUGGG
fhe-Novel-65-3p,CGCUUCAGGAUCCGGGCGAAGACAUUCACCAGG
fhe-Novel-66-3p,AAGAGAUGUUGGCUUUAGUAUACUUCUUGUCUCA
fhe-Novel-68-5p,GAAUCCCCACCAUCGUCGGUUACUUUGUCGUCCG
fhe-Novel-69-3p,UUUGUGGAUGAUGCACACCAAAAACCACCGAUUGAA
fhe-Novel-76-5p,CCUUUGACUGUACCACUGAGUGACCUCCAAUGAAAC
fhe-Novel-77-5p,AUAGGAACACACUCUGAUAGCUGCUUCCGAGCA
fhe-Novel-78-5p,CGGAUUUAUCGGAGUUCAAUAAAUGGAAUGAGUUU
fhe-Novel-8-3p,GUUugcauuugcuaccugaugacuuGCUGAACGCU
fhe-Novel-82-5p,UAGUCAGUCGAUGUUUCGGUUACCGGUCUUGAGA
fhe-Novel-85-5p,UAGGUUCUACCAUCGUAAUAUGCAUUUGACUCCC
fhe-Novel-86-5p,CUGAUCCCAAGCUCAGAGUACUGCCAGUCGCGC
fhe-Novel-9-3p,AGCcacauggggcaaaauugggacaAACCUGGGGC
fhe-Novel-97-3p,UACGACGAUGAUGACUGACACACUGAAUCCCGUUUCGG
fhe-pUbNovel-2-5p,AGCaguggugauggucgagugguuuagaGCGUUUGAUU
fhe-pUbNovel-4-3p,AAGAGACACUCAGAGGACGAUCAGUGAGGAGCCCG
fhe-pUbNovel-6-5p,UGGaggcuguguguagagcaaguugGGGCGAUCCG